request,bird,2020=03=07 11:16
request,bird,2020=03=07 11:16
request,bird,2020=03=07 11:16
request,bird,2020=03=07 11:16
request,bird,2020=03=07 11:16
request,bird,2020=03=07 11:16
request,bird,2020=03=07 11:16
request,bird,2020=03=07 11:16
request,bird,2020=03=07 11:16
request,bird,2020=03=07 11:16
request,bird,2020=03=07 11:16
request,bird,2020=03=07 11:16
request,bird,2020=03=07 11:16
request,bird,2020=03=07 11:16
request,bird,2020=03=07 11:16
request,bird,2020=03=07 11:16
request,bird,2020=03=07 11:16
request,bird,2020=03=07 11:16
request,bird,2020=03=07 11:16
request,bird,2020=03=07 11:16
request,bird,2020=03=07 11:16
request,bird,2020=03=07 11:16
request,bird,2020=03=07 11:16
request,bird,2020=03=07 11:16
request,bird,2020=03=07 11:16
request,bird,2020=03=07 11:16
request,bird,2020=03=07 11:16
request,bird,2020=03=07 11:16
request,bird,2020=03=07 11:16
request,bird,2020=03=07 11:16
request,bird,2020=03=07 11:16
request,bird,2020=03=07 11:16
request,bird,2020=03=07 11:16
request,bird,2020=03=07 11:16
request,bird,2020=03=07 11:16
request,bird,2020=03=07 11:16
request,bird,2020=03=07 11:16
request,bird,2020=03=07 11:16
request,bird,2020=03=07 11:16
request,bird,2020=03=07 11:16
request,bird,2020=03=07 11:16
request,bird,2020=03=07 11:16
request,bird,2020=03=07 11:16
request,bird,2020=03=07 11:16
request,bird,2020=03=07 11:16
request,bird,2020=03=07 11:16
request,bird,2020=03=07 11:16
request,bird,2020=03=07 11:16
request,bird,2020=03=07 11:16
request,bird,2020=03=07 11:16
request,bird,2020=03=07 11:16
request,bird,2020=03=07 11:16
request,bird,2020=03=07 11:16
request,bird,2020=03=07 11:16
request,bird,2020=03=07 11:16
request,bird,2020=03=07 11:16
request,bird,2020=03=07 11:16
request,bird,2020=03=07 11:16
request,bird,2020=03=07 11:16
request,bird,2020=03=07 11:16
request,bird,2020=03=07 11:16
request,bird,2020=03=07 11:16
request,bird,2020=03=07 11:16
request,bird,2020=03=07 11:16
request,bird,2020=03=07 11:16
request,bird,2020=03=07 11:16
request,bird,2020=03=07 11:16
request,bird,2020=03=07 11:16
request,bird,2020=03=07 11:16
request,bird,2020=03=07 11:16
request,bird,2020=03=07 11:16
request,bird,2020=03=07 11:16
request,bird,2020=03=07 11:16
request,bird,2020=03=07 11:16
request,bird,2020=03=07 11:16
request,bird,2020=03=07 11:16
request,bird,2020=03=07 11:16
request,bird,2020=03=07 11:16
request,bird,2020=03=07 11:16
request,bird,2020=03=07 11:16
request,bird,2020=03=07 11:16
request,bird,2020=03=07 11:16
request,bird,2020=03=07 11:16
request,bird,2020=03=07 11:16
request,bird,2020=03=07 11:16
request,bird,2020=03=07 11:16
request,bird,2020=03=07 11:16
request,bird,2020=03=07 11:16
request,bird,2020=03=07 11:16
request,bird,2020=03=07 11:16
request,bird,2020=03=07 11:16
request,bird,2020=03=07 11:16
request,bird,2020=03=07 11:16
request,bird,2020=03=07 11:16
request,bird,2020=03=07 11:16
request,bird,2020=03=07 11:16
request,bird,2020=03=07 11:16
request,bird,2020=03=07 11:16
request,bird,2020=03=07 11:16
request,bird,2020=03=07 11:16
request,bird,2020=03=07 11:16
request,bird,2020=03=07 11:16
request,bird,2020=03=07 11:16
request,bird,2020=03=07 11:16
request,bird,2020=03=07 11:16
request,bird,2020=03=07 11:16
request,bird,2020=03=07 11:16
request,bird,2020=03=07 11:16
request,bird,2020=03=07 11:16
request,bird,2020=03=07 11:16
request,bird,2020=03=07 11:16
request,bird,2020=03=07 11:16
request,bird,2020=03=07 11:16
request,bird,2020=03=07 11:16
request,bird,2020=03=07 11:16
request,bird,2020=03=07 11:16
request,bird,2020=03=07 11:16
request,bird,2020=03=07 11:16
request,bird,2020=03=07 11:16
request,bird,2020=03=07 11:16
request,bird,2020=03=07 11:16
request,bird,2020=03=07 11:16
request,bird,2020=03=07 11:16
request,bird,2020=03=07 11:16
request,bird,2020=03=07 11:16
request,bird,2020=03=07 11:16
request,bird,2020=03=07 11:16
request,bird,2020=03=07 11:16
request,bird,2020=03=07 11:16
request,bird,2020=03=07 11:16
request,bird,2020=03=07 11:16
request,bird,2020=03=07 11:16
request,bird,2020=03=07 11:16
request,bird,2020=03=07 11:16
request,bird,2020=03=07 11:16
request,bird,2020=03=07 11:16
request,bird,2020=03=07 11:16
request,bird,2020=03=07 11:16
request,bird,2020=03=07 11:16
request,bird,2020=03=07 11:16
request,bird,2020=03=07 11:16
request,bird,2020=03=07 11:16
request,bird,2020=03=07 11:16
request,bird,2020=03=07 11:16
request,bird,2020=03=07 11:16
request,bird,2020=03=07 11:16
request,bird,2020=03=07 11:16
request,bird,2020=03=07 11:16
request,bird,2020=03=07 11:16
request,bird,2020=03=07 11:16
request,bird,2020=03=07 11:16
request,bird,2020=03=07 11:16
request,bird,2020=03=07 11:16
request,bird,2020=03=07 11:16
request,bird,2020=03=07 11:16
request,bird,2020=03=07 11:16
request,bird,2020=03=07 11:16
request,bird,2020=03=07 11:16
request,bird,2020=03=07 11:16
request,bird,2020=03=07 11:16
request,bird,2020=03=07 11:16
request,bird,2020=03=07 11:16
request,bird,2020=03=07 11:16
request,bird,2020=03=07 11:16
request,bird,2020=03=07 11:16
request,bird,2020=03=07 11:16
request,bird,2020=03=07 11:16
request,bird,2020=03=07 11:16
request,bird,2020=03=07 11:16
request,bird,2020=03=07 11:16
request,bird,2020=03=07 11:16
request,bird,2020=03=07 11:16
request,bird,2020=03=07 11:16
request,bird,2020=03=07 11:16
request,bird,2020=03=07 11:16
request,bird,2020=03=07 11:16
request,bird,2020=03=07 11:16
request,bird,2020=03=07 11:16
request,bird,2020=03=07 11:16
request,bird,2020=03=07 11:16
request,bird,2020=03=07 11:16
request,bird,2020=03=07 11:16
request,bird,2020=03=07 11:16
request,bird,2020=03=07 11:16
request,bird,2020=03=07 11:16
request,bird,2020=03=07 11:16
request,bird,2020=03=07 11:16
request,bird,2020=03=07 11:16
request,bird,2020=03=07 11:16
request,bird,2020=03=07 11:16
request,bird,2020=03=07 11:16
request,bird,2020=03=07 11:16
request,bird,2020=03=07 11:16
request,bird,2020=03=07 11:16
request,bird,2020=03=07 11:16
request,bird,2020=03=07 11:16
request,bird,2020=03=07 11:16
request,bird,2020=03=07 11:16
request,bird,2020=03=07 11:16
request,bird,2020=03=07 11:16
request,bird,2020=03=07 11:16
request,bird,2020=03=07 11:16
request,bird,2020=03=07 11:16
request,bird,2020=03=07 11:16
request,bird,2020=03=07 11:16
request,bird,2020=03=07 11:16
request,bird,2020=03=07 11:16
request,bird,2020=03=07 11:16
request,bird,2020=03=07 11:16
request,bird,2020=03=07 11:16
request,bird,2020=03=07 11:16
request,bird,2020=03=07 11:16
request,bird,2020=03=07 11:16
request,bird,2020=03=07 11:16
request,bird,2020=03=07 11:16
request,bird,2020=03=07 11:16
request,bird,2020=03=07 11:16
request,bird,2020=03=07 11:16
request,bird,2020=03=07 11:16
request,bird,2020=03=07 11:16
request,bird,2020=03=07 11:16
request,bird,2020=03=07 11:16
request,bird,2020=03=07 11:16
request,bird,2020=03=07 11:16
request,bird,2020=03=07 11:16
request,bird,2020=03=07 11:16
request,bird,2020=03=07 11:16
request,bird,2020=03=07 11:16
request,bird,2020=03=07 11:16
request,bird,2020=03=07 11:16
request,bird,2020=03=07 11:16
request,bird,2020=03=07 11:16
request,bird,2020=03=07 11:16
request,bird,2020=03=07 11:16
request,bird,2020=03=07 11:16
request,bird,2020=03=07 11:16
request,bird,2020=03=07 11:16
request,bird,2020=03=07 11:16
request,bird,2020=03=07 11:16
request,bird,2020=03=07 11:16
request,bird,2020=03=07 11:16
request,bird,2020=03=07 11:16
request,bird,2020=03=07 11:16
request,bird,2020=03=07 11:16
request,bird,2020=03=07 11:16
request,bird,2020=03=07 11:16
request,bird,2020=03=07 11:16
request,bird,2020=03=07 11:16
request,bird,2020=03=07 11:16
request,bird,2020=03=07 11:16
request,bird,2020=03=07 11:16
request,bird,2020=03=07 11:16
request,bird,2020=03=07 11:16
request,bird,2020=03=07 11:16
request,bird,2020=03=07 11:16
request,bird,2020=03=07 11:16
request,bird,2020=03=07 11:16
request,bird,2020=03=07 11:16
request,bird,2020=03=07 11:16
request,bird,2020=03=07 11:16
request,bird,2020=03=07 11:16
request,bird,2020=03=07 11:16
request,bird,2020=03=07 11:16
request,bird,2020=03=07 11:16
request,bird,2020=03=07 11:16
request,bird,2020=03=07 11:16
request,bird,2020=03=07 11:16
request,bird,2020=03=07 11:16
request,bird,2020=03=07 11:16
request,bird,2020=03=07 11:16
request,bird,2020=03=07 11:16
request,bird,2020=03=07 11:16
request,bird,2020=03=07 11:16
request,bird,2020=03=07 11:16
request,bird,2020=03=07 11:16
request,bird,2020=03=07 11:16
request,bird,2020=03=07 11:16
request,bird,2020=03=07 11:16
request,bird,2020=03=07 11:16
request,bird,2020=03=07 11:16
request,bird,2020=03=07 11:16
request,bird,2020=03=07 11:16
request,bird,2020=03=07 11:16
request,bird,2020=03=07 11:16
request,bird,2020=03=07 11:16
request,bird,2020=03=07 11:16
request,bird,2020=03=07 11:16
request,bird,2020=03=07 11:16
request,bird,2020=03=07 11:16
request,bird,2020=03=07 11:16
request,bird,2020=03=07 11:16
request,bird,2020=03=07 11:16
request,bird,2020=03=07 11:16
request,bird,2020=03=07 11:16
request,bird,2020=03=07 11:16
request,bird,2020=03=07 11:16
request,bird,2020=03=07 11:16
request,bird,2020=03=07 11:16
request,bird,2020=03=07 11:16
request,bird,2020=03=07 11:16
request,bird,2020=03=07 11:16
request,bird,2020=03=07 11:16
request,bird,2020=03=07 11:16
request,bird,2020=03=07 11:16
request,bird,2020=03=07 11:16
request,bird,2020=03=07 11:16
request,bird,2020=03=07 11:16
request,bird,2020=03=07 11:16
request,bird,2020=03=07 11:16
request,bird,2020=03=07 11:16
request,bird,2020=03=07 11:16
request,bird,2020=03=07 11:16
request,bird,2020=03=07 11:16
request,bird,2020=03=07 11:16
request,bird,2020=03=07 11:16
request,bird,2020=03=07 11:16
request,bird,2020=03=07 11:16
request,bird,2020=03=07 11:16
request,bird,2020=03=07 11:16
request,bird,2020=03=07 11:16
request,bird,2020=03=07 11:16
request,bird,2020=03=07 11:16
request,bird,2020=03=07 11:16
request,bird,2020=03=07 11:16
request,bird,2020=03=07 11:16
request,bird,2020=03=07 11:16
request,bird,2020=03=07 11:16
request,bird,2020=03=07 11:16
request,bird,2020=03=07 11:16
request,bird,2020=03=07 11:16
request,bird,2020=03=07 11:16
request,bird,2020=03=07 11:16
request,bird,2020=03=07 11:16
request,bird,2020=03=07 11:16
request,bird,2020=03=07 11:16
request,bird,2020=03=07 11:16
request,bird,2020=03=07 11:16
request,bird,2020=03=07 11:16
request,bird,2020=03=07 11:16
request,bird,2020=03=07 11:16
request,bird,2020=03=07 11:16
request,bird,2020=03=07 11:16
request,bird,2020=03=07 11:16
request,bird,2020=03=07 11:16
request,bird,2020=03=07 11:16
request,bird,2020=03=07 11:16
request,bird,2020=03=07 11:16
request,bird,2020=03=07 11:16
request,bird,2020=03=07 11:16
request,bird,2020=03=07 11:16
request,bird,2020=03=07 11:16
request,bird,2020=03=07 11:16
request,bird,2020=03=07 11:16
request,bird,2020=03=07 11:16
request,bird,2020=03=07 11:16
request,bird,2020=03=07 11:16
request,bird,2020=03=07 11:16
request,bird,2020=03=07 11:16
request,bird,2020=03=07 11:16
request,bird,2020=03=07 11:16
request,bird,2020=03=07 11:16
request,bird,2020=03=07 11:16
request,bird,2020=03=07 11:16
request,bird,2020=03=07 11:16
request,bird,2020=03=07 11:16
request,bird,2020=03=07 11:16
request,bird,2020=03=07 11:16
request,bird,2020=03=07 11:16
request,bird,2020=03=07 11:16
request,bird,2020=03=07 11:16
request,bird,2020=03=07 11:16
request,bird,2020=03=07 11:16
request,bird,2020=03=07 11:16
request,bird,2020=03=07 11:16
request,bird,2020=03=07 11:16
request,bird,2020=03=07 11:16
request,bird,2020=03=07 11:16
request,bird,2020=03=07 11:16
request,bird,2020=03=07 11:16
request,bird,2020=03=07 11:16
request,bird,2020=03=07 11:16
request,bird,2020=03=07 11:16
request,bird,2020=03=07 11:16
request,bird,2020=03=07 11:16
request,bird,2020=03=07 11:16
request,bird,2020=03=07 11:16
request,bird,2020=03=07 11:16
request,bird,2020=03=07 11:16
request,bird,2020=03=07 11:16
request,bird,2020=03=07 11:16
request,bird,2020=03=07 11:16
request,bird,2020=03=07 11:16
request,bird,2020=03=07 11:16
request,bird,2020=03=07 11:16
request,bird,2020=03=07 11:16
request,bird,2020=03=07 11:16
request,bird,2020=03=07 11:16
request,bird,2020=03=07 11:16
request,bird,2020=03=07 11:16
request,bird,2020=03=07 11:16
request,bird,2020=03=07 11:16
request,bird,2020=03=07 11:16
request,bird,2020=03=07 11:16
request,bird,2020=03=07 11:16
request,bird,2020=03=07 11:16
request,bird,2020=03=07 11:16
request,bird,2020=03=07 11:16
request,bird,2020=03=07 11:16
request,bird,2020=03=07 11:16
request,bird,2020=03=07 11:16
request,bird,2020=03=07 11:16
request,bird,2020=03=07 11:16
request,bird,2020=03=07 11:16
request,bird,2020=03=07 11:16
request,bird,2020=03=07 11:16
request,bird,2020=03=07 11:16
request,bird,2020=03=07 11:16
request,bird,2020=03=07 11:16
request,bird,2020=03=07 11:16
request,bird,2020=03=07 11:16
request,bird,2020=03=07 11:16
request,bird,2020=03=07 11:16
request,bird,2020=03=07 11:16
request,bird,2020=03=07 11:16
request,bird,2020=03=07 11:16
request,bird,2020=03=07 11:16
request,bird,2020=03=07 11:16
request,bird,2020=03=07 11:16
request,bird,2020=03=07 11:16
request,bird,2020=03=07 11:16
request,bird,2020=03=07 11:16
request,bird,2020=03=07 11:16
request,bird,2020=03=07 11:16
request,bird,2020=03=07 11:16
request,bird,2020=03=07 11:16
request,bird,2020=03=07 11:16
request,bird,2020=03=07 11:16
request,bird,2020=03=07 11:16
request,bird,2020=03=07 11:16
request,bird,2020=03=07 11:16
request,bird,2020=03=07 11:16
request,bird,2020=03=07 11:16
request,bird,2020=03=07 11:16
request,bird,2020=03=07 11:16
request,bird,2020=03=07 11:16
request,bird,2020=03=07 11:16
request,bird,2020=03=07 11:16
request,bird,2020=03=07 11:16
request,bird,2020=03=07 11:16
request,bird,2020=03=07 11:16
request,bird,2020=03=07 11:16
request,bird,2020=03=07 11:16
request,bird,2020=03=07 11:16
request,bird,2020=03=07 11:16
request,bird,2020=03=07 11:16
request,bird,2020=03=07 11:16
request,bird,2020=03=07 11:16
request,bird,2020=03=07 11:16
request,bird,2020=03=07 11:16
request,bird,2020=03=07 11:16
request,bird,2020=03=07 11:16
request,bird,2020=03=07 11:16
request,bird,2020=03=07 11:16
request,bird,2020=03=07 11:16
request,bird,2020=03=07 11:16
request,bird,2020=03=07 11:16
request,bird,2020=03=07 11:16
request,bird,2020=03=07 11:16
request,bird,2020=03=07 11:16
request,bird,2020=03=07 11:16
request,bird,2020=03=07 11:16
request,bird,2020=03=07 11:16
request,bird,2020=03=07 11:16
request,bird,2020=03=07 11:16
request,bird,2020=03=07 11:16
request,bird,2020=03=07 11:16
request,bird,2020=03=07 11:16
request,bird,2020=03=07 11:16
request,bird,2020=03=07 11:16
request,bird,2020=03=07 11:16
request,bird,2020=03=07 11:16
request,bird,2020=03=07 11:16
request,bird,2020=03=07 11:16
request,bird,2020=03=07 11:16
request,bird,2020=03=07 11:16
request,bird,2020=03=07 11:16
request,bird,2020=03=07 11:16
request,bird,2020=03=07 11:16
request,bird,2020=03=07 11:16
request,bird,2020=03=07 11:16
request,bird,2020=03=07 11:16
request,bird,2020=03=07 11:16
request,bird,2020=03=07 11:16
request,bird,2020=03=07 11:16
request,bird,2020=03=07 11:16
request,bird,2020=03=07 11:16
request,bird,2020=03=07 11:16
request,bird,2020=03=07 11:16
request,bird,2020=03=07 11:16
request,bird,2020=03=07 11:16
request,bird,2020=03=07 11:16
request,bird,2020=03=07 11:16
request,bird,2020=03=07 11:16
request,bird,2020=03=07 11:16
request,bird,2020=03=07 11:16
request,bird,2020=03=07 11:16
request,bird,2020=03=07 11:16
request,bird,2020=03=07 11:16
request,bird,2020=03=07 11:16
request,bird,2020=03=07 11:16
request,bird,2020=03=07 11:16
request,bird,2020=03=07 11:16
request,bird,2020=03=07 11:16
request,bird,2020=03=07 11:16
request,bird,2020=03=07 11:16
request,bird,2020=03=07 11:16
request,bird,2020=03=07 11:16
request,bird,2020=03=07 11:16
request,bird,2020=03=07 11:16
request,bird,2020=03=07 11:16
request,bird,2020=03=07 11:16
request,bird,2020=03=07 11:16
request,bird,2020=03=07 11:16
request,bird,2020=03=07 11:16
request,bird,2020=03=07 11:16
request,bird,2020=03=07 11:16
request,bird,2020=03=07 11:16
request,bird,2020=03=07 11:16
request,bird,2020=03=07 11:16
request,bird,2020=03=07 11:16
request,bird,2020=03=07 11:16
request,bird,2020=03=07 11:16
request,bird,2020=03=07 11:16
request,bird,2020=03=07 11:16
request,bird,2020=03=07 11:16
request,bird,2020=03=07 11:16
request,bird,2020=03=07 11:16
request,bird,2020=03=07 11:16
request,bird,2020=03=07 11:16
request,bird,2020=03=07 11:16
request,bird,2020=03=07 11:16
request,bird,2020=03=07 11:16
request,bird,2020=03=07 11:16
request,bird,2020=03=07 11:16
request,bird,2020=03=07 11:16
request,bird,2020=03=07 11:16
request,bird,2020=03=07 11:16
request,bird,2020=03=07 11:16
request,bird,2020=03=07 11:16
request,bird,2020=03=07 11:16
request,bird,2020=03=07 11:16
request,bird,2020=03=07 11:16
request,bird,2020=03=07 11:16
request,bird,2020=03=07 11:16
request,bird,2020=03=07 11:16
request,bird,2020=03=07 11:16
request,bird,2020=03=07 11:16
request,bird,2020=03=07 11:16
request,bird,2020=03=07 11:16
request,bird,2020=03=07 11:16
request,bird,2020=03=07 11:16
request,bird,2020=03=07 11:16
request,bird,2020=03=07 11:16
request,bird,2020=03=07 11:16
request,bird,2020=03=07 11:16
request,bird,2020=03=07 11:16
request,bird,2020=03=07 11:16
request,bird,2020=03=07 11:16
request,bird,2020=03=07 11:16
request,bird,2020=03=07 11:16
request,bird,2020=03=07 11:16
request,bird,2020=03=07 11:16
request,bird,2020=03=07 11:16
request,bird,2020=03=07 11:16
request,bird,2020=03=07 11:16
request,bird,2020=03=07 11:16
request,bird,2020=03=07 11:16
request,bird,2020=03=07 11:16
request,bird,2020=03=07 11:16
request,bird,2020=03=07 11:16
request,bird,2020=03=07 11:16
request,bird,2020=03=07 11:16
request,bird,2020=03=07 11:16
request,bird,2020=03=07 11:16
request,bird,2020=03=07 11:16
request,bird,2020=03=07 11:16
request,bird,2020=03=07 11:16
request,bird,2020=03=07 11:16
request,bird,2020=03=07 11:16
request,bird,2020=03=07 11:16
request,bird,2020=03=07 11:16
request,bird,2020=03=07 11:16
request,bird,2020=03=07 11:16
request,bird,2020=03=07 11:16
request,bird,2020=03=07 11:16
request,bird,2020=03=07 11:16
request,bird,2020=03=07 11:16
request,bird,2020=03=07 11:16
request,bird,2020=03=07 11:16
request,bird,2020=03=07 11:16
request,bird,2020=03=07 11:16
request,bird,2020=03=07 11:16
request,bird,2020=03=07 11:16
request,bird,2020=03=07 11:16
request,bird,2020=03=07 11:16
request,bird,2020=03=07 11:16
request,bird,2020=03=07 11:16
request,bird,2020=03=07 11:16
request,bird,2020=03=07 11:16
request,bird,2020=03=07 11:16
request,bird,2020=03=07 11:16
request,bird,2020=03=07 11:16
request,bird,2020=03=07 11:16
request,bird,2020=03=07 11:16
request,bird,2020=03=07 11:16
request,bird,2020=03=07 11:16
request,bird,2020=03=07 11:16
request,bird,2020=03=07 11:16
request,bird,2020=03=07 11:16
request,bird,2020=03=07 11:16
request,bird,2020=03=07 11:16
request,bird,2020=03=07 11:16
request,bird,2020=03=07 11:16
request,bird,2020=03=07 11:16
request,bird,2020=03=07 11:16
request,bird,2020=03=07 11:16
request,bird,2020=03=07 11:16
request,bird,2020=03=07 11:16
request,bird,2020=03=07 11:16
request,bird,2020=03=07 11:16
request,bird,2020=03=07 11:16
request,bird,2020=03=07 11:16
request,bird,2020=03=07 11:16
request,bird,2020=03=07 11:16
request,bird,2020=03=07 11:16
request,bird,2020=03=07 11:16
request,bird,2020=03=07 11:16
request,bird,2020=03=07 11:16
request,bird,2020=03=07 11:16
request,bird,2020=03=07 11:16
request,bird,2020=03=07 11:16
request,bird,2020=03=07 11:16
request,bird,2020=03=07 11:16
request,bird,2020=03=07 11:16
request,bird,2020=03=07 11:16
request,bird,2020=03=07 11:16
request,bird,2020=03=07 11:16
request,bird,2020=03=07 11:16
request,bird,2020=03=07 11:16
request,bird,2020=03=07 11:16
request,bird,2020=03=07 11:16
request,bird,2020=03=07 11:16
request,bird,2020=03=07 11:16
request,bird,2020=03=07 11:16
request,bird,2020=03=07 11:16
request,bird,2020=03=07 11:16
request,bird,2020=03=07 11:16
request,bird,2020=03=07 11:16
request,bird,2020=03=07 11:16
request,bird,2020=03=07 11:16
request,bird,2020=03=07 11:16
request,bird,2020=03=07 11:16
request,bird,2020=03=07 11:16
request,bird,2020=03=07 11:16
request,bird,2020=03=07 11:16
request,bird,2020=03=07 11:16
request,bird,2020=03=07 11:16
request,bird,2020=03=07 11:16
request,bird,2020=03=07 11:16
request,bird,2020=03=07 11:16
request,bird,2020=03=07 11:16
request,bird,2020=03=07 11:16
request,bird,2020=03=07 11:16
request,bird,2020=03=07 11:16
request,bird,2020=03=07 11:16
request,bird,2020=03=07 11:16
request,bird,2020=03=07 11:16
request,bird,2020=03=07 11:16
request,bird,2020=03=07 11:16
request,bird,2020=03=07 11:16
request,bird,2020=03=07 11:16
request,bird,2020=03=07 11:16
request,bird,2020=03=07 11:16
request,bird,2020=03=07 11:16
request,bird,2020=03=07 11:16
request,bird,2020=03=07 11:16
request,bird,2020=03=07 11:16
request,bird,2020=03=07 11:16
request,bird,2020=03=07 11:16
request,bird,2020=03=07 11:16
request,bird,2020=03=07 11:16
request,bird,2020=03=07 11:16
request,bird,2020=03=07 11:16
request,bird,2020=03=07 11:16
request,bird,2020=03=07 11:16
request,bird,2020=03=07 11:16
request,bird,2020=03=07 11:16
request,bird,2020=03=07 11:16
request,bird,2020=03=07 11:16
request,bird,2020=03=07 11:16
request,bird,2020=03=07 11:16
request,bird,2020=03=07 11:16
request,bird,2020=03=07 11:16
request,bird,2020=03=07 11:16
request,bird,2020=03=07 11:16
request,bird,2020=03=07 11:16
request,bird,2020=03=07 11:16
request,bird,2020=03=07 11:16
request,bird,2020=03=07 11:16
request,bird,2020=03=07 11:16
request,bird,2020=03=07 11:16
request,bird,2020=03=07 11:16
request,bird,2020=03=07 11:16
request,bird,2020=03=07 11:16
request,bird,2020=03=07 11:16
request,bird,2020=03=07 11:16
request,bird,2020=03=07 11:16
request,bird,2020=03=07 11:16
request,bird,2020=03=07 11:16
request,bird,2020=03=07 11:16
request,bird,2020=03=07 11:16
request,bird,2020=03=07 11:16
request,bird,2020=03=07 11:16
request,bird,2020=03=07 11:16
request,bird,2020=03=07 11:16
request,bird,2020=03=07 11:16
request,bird,2020=03=07 11:16
request,bird,2020=03=07 11:16
request,bird,2020=03=07 11:16
request,bird,2020=03=07 11:16
request,bird,2020=03=07 11:16
request,bird,2020=03=07 11:16
request,bird,2020=03=07 11:16
request,bird,2020=03=07 11:16
request,bird,2020=03=07 11:16
request,bird,2020=03=07 11:16
request,bird,2020=03=07 11:16
request,bird,2020=03=07 11:16
request,bird,2020=03=07 11:16
request,bird,2020=03=07 11:16
request,bird,2020=03=07 11:16
request,bird,2020=03=07 11:16
request,bird,2020=03=07 11:16
request,bird,2020=03=07 11:16
request,bird,2020=03=07 11:16
request,bird,2020=03=07 11:16
request,bird,2020=03=07 11:16
request,bird,2020=03=07 11:16
request,bird,2020=03=07 11:16
request,bird,2020=03=07 11:16
request,bird,2020=03=07 11:16
request,bird,2020=03=07 11:16
request,bird,2020=03=07 11:16
request,bird,2020=03=07 11:16
request,bird,2020=03=07 11:16
request,bird,2020=03=07 11:16
request,bird,2020=03=07 11:16
request,bird,2020=03=07 11:16
request,bird,2020=03=07 11:16
request,bird,2020=03=07 11:16
request,bird,2020=03=07 11:16
request,bird,2020=03=07 11:16
request,bird,2020=03=07 11:16
request,bird,2020=03=07 11:16
request,bird,2020=03=07 11:16
request,bird,2020=03=07 11:16
request,bird,2020=03=07 11:16
request,bird,2020=03=07 11:16
request,bird,2020=03=07 11:16
request,bird,2020=03=07 11:16
request,bird,2020=03=07 11:16
request,bird,2020=03=07 11:16
request,bird,2020=03=07 11:16
request,bird,2020=03=07 11:16
request,bird,2020=03=07 11:16
request,bird,2020=03=07 11:16
request,bird,2020=03=07 11:16
request,bird,2020=03=07 11:16
request,bird,2020=03=07 11:16
request,bird,2020=03=07 11:16
request,bird,2020=03=07 11:16
request,bird,2020=03=07 11:16
request,bird,2020=03=07 11:16
request,bird,2020=03=07 11:16
request,bird,2020=03=07 11:16
request,bird,2020=03=07 11:16
request,bird,2020=03=07 11:16
request,bird,2020=03=07 11:16
request,bird,2020=03=07 11:16
request,bird,2020=03=07 11:16
request,bird,2020=03=07 11:16
request,bird,2020=03=07 11:16
request,bird,2020=03=07 11:16
request,bird,2020=03=07 11:16
request,bird,2020=03=07 11:16
request,bird,2020=03=07 11:16
request,bird,2020=03=07 11:16
request,bird,2020=03=07 11:16
request,bird,2020=03=07 11:16
request,bird,2020=03=07 11:16
request,bird,2020=03=07 11:16
request,bird,2020=03=07 11:16
request,bird,2020=03=07 11:16
request,bird,2020=03=07 11:16
request,bird,2020=03=07 11:16
request,bird,2020=03=07 11:16
request,bird,2020=03=07 11:16
request,bird,2020=03=07 11:16
request,bird,2020=03=07 11:16
request,bird,2020=03=07 11:16
request,bird,2020=03=07 11:16
request,bird,2020=03=07 11:16
request,bird,2020=03=07 11:16
request,bird,2020=03=07 11:16
request,bird,2020=03=07 11:16
request,bird,2020=03=07 11:16
request,bird,2020=03=07 11:16
request,bird,2020=03=07 11:16
request,bird,2020=03=07 11:16
request,bird,2020=03=07 11:16
request,bird,2020=03=07 11:16
request,bird,2020=03=07 11:16
request,bird,2020=03=07 11:16
request,bird,2020=03=07 11:16
request,bird,2020=03=07 11:16
request,bird,2020=03=07 11:16
request,bird,2020=03=07 11:16
request,bird,2020=03=07 11:16
request,bird,2020=03=07 11:16
request,bird,2020=03=07 11:16
request,bird,2020=03=07 11:16
request,bird,2020=03=07 11:16
request,bird,2020=03=07 11:16
request,bird,2020=03=07 11:16
request,bird,2020=03=07 11:16
request,bird,2020=03=07 11:16
request,bird,2020=03=07 11:16
request,bird,2020=03=07 11:16
request,bird,2020=03=07 11:16
request,bird,2020=03=07 11:16
request,bird,2020=03=07 11:16
request,bird,2020=03=07 11:16
request,bird,2020=03=07 11:16
request,bird,2020=03=07 11:16
request,bird,2020=03=07 11:16
request,bird,2020=03=07 11:16
request,bird,2020=03=07 11:16
request,bird,2020=03=07 11:16
request,bird,2020=03=07 11:16
request,bird,2020=03=07 11:16
request,bird,2020=03=07 11:16
request,bird,2020=03=07 11:16
request,bird,2020=03=07 11:16
request,bird,2020=03=07 11:16
request,bird,2020=03=07 11:16
request,bird,2020=03=07 11:16
request,bird,2020=03=07 11:16
request,bird,2020=03=07 11:16
request,bird,2020=03=07 11:16
request,bird,2020=03=07 11:16
request,bird,2020=03=07 11:16
request,bird,2020=03=07 11:16
request,bird,2020=03=07 11:16
request,bird,2020=03=07 11:16
request,bird,2020=03=07 11:16
request,bird,2020=03=07 11:16
request,bird,2020=03=07 11:16
request,bird,2020=03=07 11:16
request,bird,2020=03=07 11:16
request,bird,2020=03=07 11:16
request,bird,2020=03=07 11:16
request,bird,2020=03=07 11:16
request,bird,2020=03=07 11:16
request,bird,2020=03=07 11:16
request,bird,2020=03=07 11:16
request,bird,2020=03=07 11:16
request,bird,2020=03=07 11:16
request,bird,2020=03=07 11:16
request,bird,2020=03=07 11:16
request,bird,2020=03=07 11:16
request,bird,2020=03=07 11:16
request,bird,2020=03=07 11:16
request,bird,2020=03=07 11:16
request,bird,2020=03=07 11:16
request,bird,2020=03=07 11:16
request,bird,2020=03=07 11:16
request,bird,2020=03=07 11:16
request,bird,2020=03=07 11:16
request,bird,2020=03=07 11:16
request,bird,2020=03=07 11:16
request,bird,2020=03=07 11:16
request,bird,2020=03=07 11:16
request,bird,2020=03=07 11:16
request,bird,2020=03=07 11:16
request,bird,2020=03=07 11:16
request,bird,2020=03=07 11:16
request,bird,2020=03=07 11:16
request,bird,2020=03=07 11:16
request,bird,2020=03=07 11:16
request,bird,2020=03=07 11:16
request,bird,2020=03=07 11:16
request,bird,2020=03=07 11:16
request,bird,2020=03=07 11:16
request,bird,2020=03=07 11:16
request,bird,2020=03=07 11:16
request,bird,2020=03=07 11:16
request,bird,2020=03=07 11:16
request,bird,2020=03=07 11:16
request,bird,2020=03=07 11:16
request,bird,2020=03=07 11:16
request,bird,2020=03=07 11:16
request,bird,2020=03=07 11:16
request,bird,2020=03=07 11:16
request,bird,2020=03=07 11:16
request,bird,2020=03=07 11:16
request,bird,2020=03=07 11:16
request,bird,2020=03=07 11:16
request,bird,2020=03=07 11:16
request,bird,2020=03=07 11:16
request,bird,2020=03=07 11:16
request,bird,2020=03=07 11:16
request,bird,2020=03=07 11:16
request,bird,2020=03=07 11:16
request,bird,2020=03=07 11:16
request,bird,2020=03=07 11:16
request,bird,2020=03=07 11:16
request,bird,2020=03=07 11:16
request,bird,2020=03=07 11:16
request,bird,2020=03=07 11:16
request,bird,2020=03=07 11:16
request,bird,2020=03=07 11:16
request,bird,2020=03=07 11:16
request,bird,2020=03=07 11:16
request,bird,2020=03=07 11:16
request,bird,2020=03=07 11:16
request,bird,2020=03=07 11:16
request,bird,2020=03=07 11:16
request,bird,2020=03=07 11:16
request,bird,2020=03=07 11:16
request,bird,2020=03=07 11:16
request,bird,2020=03=07 11:16
request,bird,2020=03=07 11:16
request,bird,2020=03=07 11:16
request,bird,2020=03=07 11:16
request,bird,2020=03=07 11:16
request,bird,2020=03=07 11:16
request,bird,2020=03=07 11:16
request,bird,2020=03=07 11:16
request,bird,2020=03=07 11:16
request,bird,2020=03=07 11:16
request,bird,2020=03=07 11:16
request,bird,2020=03=07 11:16
request,bird,2020=03=07 11:16
request,bird,2020=03=07 11:16
request,bird,2020=03=07 11:16
request,bird,2020=03=07 11:16
request,bird,2020=03=07 11:16
request,bird,2020=03=07 11:16
request,bird,2020=03=07 11:16
request,bird,2020=03=07 11:16
request,bird,2020=03=07 11:16
request,bird,2020=03=07 11:16
request,bird,2020=03=07 11:16
request,bird,2020=03=07 11:16
request,bird,2020=03=07 11:16
request,bird,2020=03=07 11:16
request,bird,2020=03=07 11:16
request,bird,2020=03=07 11:16
request,bird,2020=03=07 11:16
request,bird,2020=03=07 11:16
request,bird,2020=03=07 11:16
request,bird,2020=03=07 11:16
request,bird,2020=03=07 11:16
request,bird,2020=03=07 11:16
request,bird,2020=03=07 11:16
request,bird,2020=03=07 11:16
request,bird,2020=03=07 11:16
request,bird,2020=03=07 11:16
request,bird,2020=03=07 11:16
request,bird,2020=03=07 11:16
request,bird,2020=03=07 11:16
request,bird,2020=03=07 11:16
request,bird,2020=03=07 11:16
request,bird,2020=03=07 11:16
request,bird,2020=03=07 11:16
request,bird,2020=03=07 11:16
request,bird,2020=03=07 11:16
request,bird,2020=03=07 11:16
request,bird,2020=03=07 11:16
request,bird,2020=03=07 11:16
request,bird,2020=03=07 11:16
request,bird,2020=03=07 11:16
request,bird,2020=03=07 11:16
request,bird,2020=03=07 11:16
request,bird,2020=03=07 11:16
request,bird,2020=03=07 11:16
request,bird,2020=03=07 11:16
request,bird,2020=03=07 11:16
request,bird,2020=03=07 11:16
